Lancia	12.331321690722207	70	Automotive\Manufacturers\Fiat:0.508563,Sports\Motor Sports\Auto Racing:0.978616,Automotive\Manufacturers:0.718016,Automotive:0.766853,Automotive\Manufacturers\Lancia:0.998738,Automotive\Pickup/Trucks & Accessories:0.678165,Travel\Bus & Rail:0.690879
Tour de Corse	2.1365598965613275	14	Automotive\Manufacturers\Lancia:0.53018
Bianca Lancia	1.1653180494791664	3	Automotive\Manufacturers\Lancia:0.878199
Lancia Appia	1.133921165846473	6	Automotive\Compact and Coupe:0.927981,Automotive\Convertible & Sports cars:0.712637,Automotive\Manufacturers:0.955347,Automotive:0.991228,Automotive\Manufacturers\Lancia:0.991319,Automotive\Sedan:0.693593,Lifestyle\Dating:0.651
Vincenzo Lancia	1.036836184406203	7	Automotive\Manufacturers\Fiat:0.729555,Automotive\Manufacturers\Chrysler:0.663897,Automotive\Manufacturers:0.759957,Automotive:0.980962,Automotive\Manufacturers\Lancia:0.999998,Automotive\Manufacturers\Alfa Romeo:0.677957,Family & Parenting:0.701571
Lancia V4 engine	1.0349516369310223	4	Automotive\Manufacturers\Lancia:0.900697
Manfred I Lancia	1.0217040859374997	3	Family & Parenting\Adoption:0.651,Finance:0.651,Automotive\Manufacturers\Lancia:0.957491
1993 World Rally Championship season	1.0102114656661199	8	Automotive\Manufacturers\Subaru:0.712563,Automotive\Manufacturers\Toyota:0.715413,Automotive\Manufacturers\Ford:0.725122,Automotive\Manufacturers\Lancia:0.820163
Lancia Aprilia	0.9337424663065149	5	Automotive\Convertible & Sports cars:0.878199,Automotive\Manufacturers:0.955347,Automotive\Manufacturers\Volkswagen:0.325917,Automotive:0.97056,Automotive\Manufacturers\Lancia:0.98756,Automotive\Manufacturers\Alfa Romeo:0.419629
Lancia Rally 037	0.8962715414232516	8	Automotive\Convertible & Sports cars:0.665017,Sports\Motor Sports\Auto Racing:0.460568,Automotive\Manufacturers:0.953679,Automotive:0.921431,Automotive\Manufacturers\Lancia:0.994599,Automotive\Manufacturers\Peugeot:0.506693,Automotive\Manufacturers\Abarth:0.821924
Lancia Kappa	0.841394095316247	4	Automotive\Manufacturers\Fiat:0.635372,Automotive\Compact and Coupe:0.948129,Law-Government-Politics:0.651,Automotive\Manufacturers:0.986714,Automotive:0.999948,Automotive\Manufacturers\Lancia:0.999988,Automotive\Sedan:0.897963
Alex Fiorio	0.8050640108775768	7	Family & Parenting:0.65978,Automotive\Manufacturers\Lancia:0.929556
Lancia Flat-4 engine	0.800521132843215	4	Sports\Boxing:0.651,Automotive\Manufacturers\Lancia:0.995407
Lancia IZM	0.7574504610041827	4	Automotive:0.741735,Automotive\Pickup/Trucks & Accessories:0.651,Automotive\Manufacturers\Lancia:0.985165
Gustavo Trelles	0.7240450522670214	5	Automotive\Manufacturers\Peugeot:0.667319,Automotive\Manufacturers\Lancia:0.70448
Gianni Lancia	0.7200828199953702	4	Automotive\Manufacturers\Fiat:0.542766,Sports\Motor Sports:0.680292,Automotive:0.741591,Automotive\Manufacturers\Lancia:0.999974,Automotive\Manufacturers\Alfa Romeo:0.547047,Family & Parenting:0.883369,Business:0.651
Attilio Bettega	0.7046162608032822	5	Sports:0.883085,Automotive:0.750077,Automotive\Manufacturers\Lancia:0.994395,Automotive\Manufacturers\Peugeot:0.671373,Family & Parenting:0.65978,Automotive\Manufacturers\Citroen:0.505121,Automotive\Manufacturers\Abarth:0.491675
1992 World Rally Championship season	0.6834510839878852	6	Automotive\Manufacturers\Toyota:0.724766,Automotive\Manufacturers\Ford:0.725122,Automotive\Manufacturers\Lancia:0.760157
Sliding pillar suspension	0.6600970321480755	2	Automotive\Compact and Coupe:0.669096,Automotive\Pickup/Trucks & Accessories:0.625165,Automotive\Manufacturers\Lancia:0.924022
Lancia Flavia	0.639070628488267	3	Automotive\Compact and Coupe:0.978505,Automotive\Convertible & Sports cars:0.96196,Automotive\Manufacturers:0.959263,Automotive:0.99389,Sports\Boxing:0.651,Automotive\Manufacturers\Lancia:0.998517,Automotive\Sedan:0.651
1989 World Rally Championship season	0.5990430735028214	8	Sports:0.923167,Sports\Motor Sports\Auto Racing:0.630318,Automotive\Manufacturers\Toyota:0.726486,Automotive:0.915217,Automotive\Manufacturers\Lancia:0.995789,Automotive\Manufacturers\Peugeot:0.663869,Automotive\Manufacturers\Mazda:0.718358
1976 World Rally Championship season	0.5988267065952583	5	Automotive\Manufacturers\Opel:0.714775,Automotive\Manufacturers\Lancia:0.930685
1974 World Rally Championship season	0.5988267065952583	5	Sports\Motor Sports\Auto Racing:0.487796,Automotive\Manufacturers\Abarth:0.755905,Automotive\Manufacturers\Ford:0.919928,Automotive\Manufacturers\Lancia:0.981411
1975 World Rally Championship season	0.5988267065952583	5	Automotive\Manufacturers\Opel:0.714775,Sports\Motor Sports:0.660682,Automotive\Manufacturers\Lancia:0.947842
List of World Rally Championship Constructors' champions	0.5940924302966446	4	Automotive\Manufacturers\Lancia:0.819767
Anna of Hohenstaufen	0.5776875494791667	1	Automotive\Manufacturers\Lancia:0.651
Lancia Augusta	0.5431210783921334	3	Automotive\Manufacturers\Fiat:0.561143,Automotive\Manufacturers\Chrysler:0.550126,Automotive\Convertible & Sports cars:0.651,Automotive\Manufacturers:0.962032,Automotive:0.997208,Automotive\Manufacturers\Lancia:0.998723,Automotive\Sedan:0.651
Lancia Jota	0.5404322760147424	2	Automotive\Pickup/Trucks & Accessories:0.960311,Automotive\Manufacturers\Lancia:0.964276
1990 World Rally Championship season	0.5083650239831753	6	Automotive\Manufacturers\Toyota:0.716432,Automotive\Manufacturers\Lancia:0.78914
Lancia 3 RO	0.49841139139893875	2	Automotive\Manufacturers\Fiat:0.591543,Automotive\Manufacturers\Lancia:0.999998,Automotive\Pickup/Trucks & Accessories:0.999979,Automotive\Manufacturers\Alfa Romeo:0.602987,Travel:0.75263,Finance\Retirement & Pension:0.680938,Automotive\Manufacturers\Abarth:0.559174
Lancia Dialogos	0.49425889959966585	3	Automotive\Concept Cars:0.889754,Automotive:0.970618,Automotive\Manufacturers\Lancia:0.987679,Automotive\Campers & RVs:0.686181,Electronics & Computing\Cameras & Camcorders:0.651
Maggiora (manufacturer)	0.47510064425642684	1	Automotive\Manufacturers\Fiat:0.450853,Automotive\Compact and Coupe:0.970184,Automotive\Manufacturers\Chrysler:0.411552,Automotive\Convertible & Sports cars:0.741034,Automotive:0.951029,Automotive\Manufacturers\Lancia:0.996403,Automotive\Manufacturers\Abarth:0.792166
Lancia D50	0.45175889959966586	2	Automotive:0.705859,Sports\Motor Sports\Auto Racing:0.78286,Reference\Libraries & Museums\Museums:0.651,Automotive\Manufacturers\Lancia:0.894198
1991 World Rally Championship season	0.44544218438821936	5	Automotive\Manufacturers\Toyota:0.666308,Automotive\Manufacturers\Lancia:0.830928
Lancia Megagamma	0.4305088995996659	2	Automotive\MiniVan & Van:0.901722,Automotive\Manufacturers:0.955056,Automotive\Manufacturers\Volkswagen:0.544131,Automotive\Concept Cars:0.888409,Automotive:0.968291,Sports\Boxing:0.651,Automotive\Manufacturers\Lancia:0.96967
Lancia Dedra	0.42761202076608595	4	Automotive\Manufacturers\Fiat:0.759333,Automotive\Compact and Coupe:0.920342,Automotive\Manufacturers:0.965268,Automotive:0.999869,Automotive\Manufacturers\Lancia:0.999999,Automotive\Sedan:0.897963,Automotive\Manufacturers\Alfa Romeo:0.690723
Lancia in rallying	0.42564292050535435	2	Automotive\Manufacturers\Lancia:0.930473
Giordano d'Anglano	0.41119661067708324	1	Health:0.514713,Family & Parenting:0.712409,Automotive\Manufacturers\Lancia:0.878199
Lanza	0.41119661067708324	1	Education\Childhood Education\Primary & Secondary Schooling (K-12):0.654898,Sports\Wrestling:0.65444,Family & Parenting:0.735493,Automotive\Manufacturers\Lancia:0.878199
Lancia di Lancia	0.38800889959966584	1	Automotive\Boats & Watercraft:0.87981,Automotive\Manufacturers\Lancia:0.895989
Lancia Esagamma	0.38800889959966584	1	Automotive\Pickup/Trucks & Accessories:0.878199,Automotive\Manufacturers:0.66121,Automotive\Manufacturers\Lancia:0.886956
Lancia Omicron	0.38800889959966584	1	Travel\Bus & Rail:0.883138,Automotive\Manufacturers\Lancia:0.985165
Lancia Urban Bike	0.38800889959966584	1	Automotive:0.685681,Sports\Bicycling & Cycling:0.957491,Automotive\Manufacturers\Lancia:0.985548
Lancia Esagamma (bus)	0.38800889959966584	1	Travel\Bus & Rail:0.878199,Automotive\Manufacturers\Lancia:0.887176
Lancia E290	0.38800889959966584	1	Automotive\Pickup/Trucks & Accessories:0.663661,Automotive\Manufacturers\Lancia:0.886824
Lancia Esatau	0.38800889959966584	1	Automotive\Pickup/Trucks & Accessories:0.878199,Automotive\Manufacturers\Lancia:0.885265
Lancia V6 engine	0.38800889959966584	1	Automotive:0.698658,Automotive\Convertible & Sports cars:0.651,Automotive\Manufacturers\Lancia:0.988924
Lancia Zagato	0.38800889959966584	1	Sports:0.651,Automotive\Convertible & Sports cars:0.957491,Automotive\Manufacturers:0.671122,Automotive\Manufacturers\Lancia:0.988444,Automotive\Manufacturers\Maserati:0.472996,Automotive\Manufacturers\Alfa Romeo:0.587783
Lancia 140	0.38800889959966584	1	Travel\Bus & Rail:0.771473,Automotive\Manufacturers\Lancia:0.883691
Lancia Super Jolly	0.38800889959966584	1	Automotive\Pickup/Trucks & Accessories:0.899903,Automotive\Manufacturers\Lancia:0.967724
Lancia LC1	0.38800889959966584	1	Sports:0.716409,Automotive\Convertible & Sports cars:0.707083,Automotive\Manufacturers\Porsche:0.738255,Sports\Motor Sports\Auto Racing:0.999603,Automotive\Manufacturers:0.956398,Automotive:0.993018,Automotive\Manufacturers\Lancia:0.99983
Lancia Trijota (bus)	0.38800889959966584	1	Automotive:0.677348,Travel\Bus & Rail:0.958013,Automotive\Manufacturers\Lancia:0.962109
Lancia Beta (van)	0.38800889959966584	1	Automotive\Manufacturers\Lancia:0.890615
Fiat Twin Cam engine	0.37214391328560087	2	Automotive\Hybrid & Alternative Vehicle:0.712501,Automotive\Manufacturers\Fiat:0.633269,Automotive\Manufacturers\Chrysler:0.723597,Automotive:0.588268,Automotive\Manufacturers\Lancia:0.935766,Automotive\Manufacturers\Maserati:0.601422,Automotive\Manufacturers\Alfa Romeo:0.796406
1977 World Rally Championship season	0.36081780699559246	4	Sports\Motor Sports\Auto Racing:0.637424,Law-Government-Politics\Politics:0.665,Automotive\Manufacturers\Ford:0.753616,Automotive\Manufacturers\Lancia:0.78322
Lancia Prisma	0.3295448331968623	3	Automotive\Compact and Coupe:0.532154,Automotive\Manufacturers:0.983556,Automotive:0.97066,Automotive\Manufacturers\Lancia:0.987411,Automotive\Sedan:0.885709
Tiziano Siviero	0.3200653318413143	2	Automotive\Manufacturers\Lancia:0.504603
Lancia 2000	0.3094426717533849	1	Automotive\Manufacturers\Fiat:0.385059,Automotive\Compact and Coupe:0.920265,Automotive\Manufacturers:0.956371,Automotive:0.977375,Sports\Boxing:0.651,Automotive\Manufacturers\Lancia:0.995222,Automotive\Sedan:0.878199
List of Italian military vehicles of the Second World War	0.2815390696052438	1	Automotive\Manufacturers\Fiat:0.794386,Automotive\Manufacturers\Chrysler:0.88579,Automotive:0.786511,Automotive\Manufacturers\Lancia:0.987291,Automotive\Pickup/Trucks & Accessories:0.972828,Automotive\Manufacturers\Maserati:0.747877,Automotive\Manufacturers\Alfa Romeo:0.865899
Lars-Erik Torph	0.255874377392627	2	Automotive\Manufacturers\Lancia:0.819245
Lancia Lybra	0.2383794290809794	1	Automotive\Manufacturers\Fiat:0.52698,Automotive\Compact and Coupe:0.61924,Automotive\Manufacturers:0.960196,Automotive:0.981307,Automotive\Manufacturers\Lancia:0.999478,Automotive\Sedan:0.897963,Automotive\Manufacturers\Alfa Romeo:0.510558
